﻿<?xml version="1.0" encoding="utf-8"?>
<!--DO NOT EDIT. This document is generated by PSoC Creator design builds.-->
<PSoCCreatorIdeExport Version="1">
  <Device Part="CY8C5888LTI-LP097" Processor="CortexM3" DeviceID="2E161069" />
  <Toolchains>
    <Toolchain Name="ARM GCC Generic" Selected="True">
      <Tool Name="prebuild" Command="" Options="" />
      <Tool Name="assembler" Command="arm-none-eabi-as.exe" Options="-mcpu=cortex-m3 -mthumb -I. -IGenerated_Source\PSoC5 -alh=${OutputDir}/${CompileFile}.lst -g -W" />
      <Tool Name="compiler" Command="arm-none-eabi-gcc.exe" Options="-mcpu=cortex-m3 -mthumb -I..\..\..\FreeRTOSv10.3.1\FreeRTOS -I..\..\..\FreeRTOSv10.3.1\FreeRTOS\include -I..\..\..\FreeRTOSv10.3.1\FreeRTOS\portable\GCC\ARM_CM3 -I..\..\..\FreeRTOSv10.3.1\FreeRTOS\portable\MemMang -I. -IGenerated_Source\PSoC5 -Wa,-alh=${OutputDir}/${CompileFile}.lst -g -D DEBUG -D CY_CORE_ID=0 -D RTOS_USED -Wall -ffunction-sections -ffat-lto-objects -Og" />
      <Tool Name="linker" Command="arm-none-eabi-gcc.exe" Options="-mcpu=cortex-m3 -mthumb -l m -L Generated_Source\PSoC5 -Wl,-Map,${OutputDir}/${ProjectShortName}.map -T Generated_Source\PSoC5\cm3gcc.ld -specs=nano.specs -u _printf_float -Wl,--gc-sections -g -ffunction-sections -Og -ffat-lto-objects" />
      <Tool Name="postbuild" Command="" Options="" />
    </Toolchain>
    <Toolchain Name="ARM MDK Generic" Selected="False">
      <Tool Name="prebuild" Command="" Options="" />
      <Tool Name="assembler" Command="armasm.exe" Options="--cpu=Cortex-M3 --diag_style=gnu --thumb -i. -iGenerated_Source\PSoC5 -g --list=${OutputDir}/${CompileFile}.lst &quot;--predefine=__MICROLIB SETA 1&quot;" />
      <Tool Name="compiler" Command="armcc.exe" Options="--cpu=Cortex-M3 --C99 --diag_style=gnu -I. -IGenerated_Source\PSoC5 --list --signed_chars -g -D DEBUG -D CY_CORE_ID=0 -O0 --split_sections -D__MICROLIB" />
      <Tool Name="linker" Command="armlink.exe" Options="--cpu=Cortex-M3 --diag_style=gnu --no_startup --library_type=microlib --map --list ${OutputDir}/${ProjectShortName}.map --scatter Generated_Source\PSoC5\Cm3RealView.scat" />
      <Tool Name="postbuild" Command="" Options="" />
    </Toolchain>
    <Toolchain Name="ARM IAR Generic" Selected="False">
      <Tool Name="prebuild" Command="" Options="" />
      <Tool Name="assembler" Command="iasmarm.exe" Options="--cpu Cortex-M3 -I. -IGenerated_Source\PSoC5 -s+ -M&lt;&gt; -w+ -r -DDEBUG --fpu None" />
      <Tool Name="compiler" Command="iccarm.exe" Options="--cpu Cortex-M3 -I. -IGenerated_Source\PSoC5 -D DEBUG -D CY_CORE_ID=0 -I. -IGenerated_Source\PSoC5 -D DEBUG -D CY_CORE_ID=0 --no_cse --no_unroll --no_inline --no_code_motion --no_tbaa --no_clustering --no_scheduling --debug --endian=little -e --fpu=None -On --no_wrap_diagnostics" />
      <Tool Name="linker" Command="ilinkarm.exe" Options="--semihosting --entry __iar_program_start --config Generated_Source\PSoC5\Cm3Iar.icf" />
      <Tool Name="postbuild" Command="" Options="" />
    </Toolchain>
  </Toolchains>
  <Project Name="HW1_FreeRTOS_Project" Path="C:\Users\Admin\Desktop\EE4450 Embedded Architecture\HW\HW\HW1_FreeRTOS_Project.cydsn" Version="5.90" Type="Normal">
    <CMSIS_SVD_File>HW1_FreeRTOS_Project.svd</CMSIS_SVD_File>
    <Datasheet />
    <LinkerFiles>
      <LinkerFile Toolchain="ARM GCC Generic">.\Generated_Source\PSoC5\cm3gcc.ld</LinkerFile>
      <LinkerFile Toolchain="ARM MDK Generic">.\Generated_Source\PSoC5\Cm3RealView.scat</LinkerFile>
      <LinkerFile Toolchain="ARM IAR Generic">.\Generated_Source\PSoC5\Cm3Iar.icf</LinkerFile>
    </LinkerFiles>
    <Folders>
      <Folder BuildType="STRICT" Path="C:\Users\Admin\Desktop\EE4450 Embedded Architecture\HW\HW\HW1_FreeRTOS_Project.cydsn">
        <Files Root="C:\Users\Admin\Desktop\EE4450 Embedded Architecture\HW\HW\HW1_FreeRTOS_Project.cydsn">
          <File BuildType="BUILD" Toolchain="">main.c</File>
          <File BuildType="BUILD" Toolchain="">cyapicallbacks.h</File>
          <File BuildType="BUILD" Toolchain="">..\..\..\FreeRTOSv10.3.1\FreeRTOS\croutine.c</File>
          <File BuildType="BUILD" Toolchain="">..\..\..\FreeRTOSv10.3.1\FreeRTOS\event_groups.c</File>
          <File BuildType="BUILD" Toolchain="">..\..\..\FreeRTOSv10.3.1\FreeRTOS\FreeRTOS_PSoC.c</File>
          <File BuildType="BUILD" Toolchain="">..\..\..\FreeRTOSv10.3.1\FreeRTOS\FreeRTOS_PSoC.h</File>
          <File BuildType="BUILD" Toolchain="">..\..\..\FreeRTOSv10.3.1\FreeRTOS\FreeRTOSConfig.h</File>
          <File BuildType="BUILD" Toolchain="">..\..\..\FreeRTOSv10.3.1\FreeRTOS\list.c</File>
          <File BuildType="BUILD" Toolchain="">..\..\..\FreeRTOSv10.3.1\FreeRTOS\queue.c</File>
          <File BuildType="BUILD" Toolchain="">..\..\..\FreeRTOSv10.3.1\FreeRTOS\stream_buffer.c</File>
          <File BuildType="BUILD" Toolchain="">..\..\..\FreeRTOSv10.3.1\FreeRTOS\tasks.c</File>
          <File BuildType="BUILD" Toolchain="">..\..\..\FreeRTOSv10.3.1\FreeRTOS\timers.c</File>
        </Files>
      </Folder>
      <Folder BuildType="STRICT" Path="C:\Users\Admin\Desktop\EE4450 Embedded Architecture\HW\HW\HW1_FreeRTOS_Project.cydsn">
        <Files Root="C:\Users\Admin\Desktop\EE4450 Embedded Architecture\HW\HW\HW1_FreeRTOS_Project.cydsn">
          <File BuildType="BUILD" Toolchain="">..\..\..\FreeRTOSv10.3.1\FreeRTOS\include\atomic.h</File>
          <File BuildType="BUILD" Toolchain="">..\..\..\FreeRTOSv10.3.1\FreeRTOS\include\croutine.h</File>
          <File BuildType="BUILD" Toolchain="">..\..\..\FreeRTOSv10.3.1\FreeRTOS\include\deprecated_definitions.h</File>
          <File BuildType="BUILD" Toolchain="">..\..\..\FreeRTOSv10.3.1\FreeRTOS\include\event_groups.h</File>
          <File BuildType="BUILD" Toolchain="">..\..\..\FreeRTOSv10.3.1\FreeRTOS\include\FreeRTOS.h</File>
          <File BuildType="BUILD" Toolchain="">..\..\..\FreeRTOSv10.3.1\FreeRTOS\include\list.h</File>
          <File BuildType="BUILD" Toolchain="">..\..\..\FreeRTOSv10.3.1\FreeRTOS\include\message_buffer.h</File>
          <File BuildType="BUILD" Toolchain="">..\..\..\FreeRTOSv10.3.1\FreeRTOS\include\mpu_prototypes.h</File>
          <File BuildType="BUILD" Toolchain="">..\..\..\FreeRTOSv10.3.1\FreeRTOS\include\mpu_wrappers.h</File>
          <File BuildType="BUILD" Toolchain="">..\..\..\FreeRTOSv10.3.1\FreeRTOS\include\portable.h</File>
          <File BuildType="BUILD" Toolchain="">..\..\..\FreeRTOSv10.3.1\FreeRTOS\include\projdefs.h</File>
          <File BuildType="BUILD" Toolchain="">..\..\..\FreeRTOSv10.3.1\FreeRTOS\include\queue.h</File>
          <File BuildType="BUILD" Toolchain="">..\..\..\FreeRTOSv10.3.1\FreeRTOS\include\semphr.h</File>
          <File BuildType="BUILD" Toolchain="">..\..\..\FreeRTOSv10.3.1\FreeRTOS\include\stack_macros.h</File>
          <File BuildType="BUILD" Toolchain="">..\..\..\FreeRTOSv10.3.1\FreeRTOS\include\StackMacros.h</File>
          <File BuildType="BUILD" Toolchain="">..\..\..\FreeRTOSv10.3.1\FreeRTOS\include\stream_buffer.h</File>
          <File BuildType="BUILD" Toolchain="">..\..\..\FreeRTOSv10.3.1\FreeRTOS\include\task.h</File>
          <File BuildType="BUILD" Toolchain="">..\..\..\FreeRTOSv10.3.1\FreeRTOS\include\timers.h</File>
        </Files>
      </Folder>
      <Folder BuildType="STRICT" Path="C:\Users\Admin\Desktop\EE4450 Embedded Architecture\HW\HW\HW1_FreeRTOS_Project.cydsn">
        <Files Root="C:\Users\Admin\Desktop\EE4450 Embedded Architecture\HW\HW\HW1_FreeRTOS_Project.cydsn">
          <File BuildType="BUILD" Toolchain="">..\..\..\FreeRTOSv10.3.1\FreeRTOS\portable\GCC\ARM_CM3\port.c</File>
          <File BuildType="BUILD" Toolchain="">..\..\..\FreeRTOSv10.3.1\FreeRTOS\portable\GCC\ARM_CM3\portmacro.h</File>
        </Files>
      </Folder>
      <Folder BuildType="STRICT" Path="C:\Users\Admin\Desktop\EE4450 Embedded Architecture\HW\HW\HW1_FreeRTOS_Project.cydsn">
        <Files Root="C:\Users\Admin\Desktop\EE4450 Embedded Architecture\HW\HW\HW1_FreeRTOS_Project.cydsn">
          <File BuildType="BUILD" Toolchain="">..\..\..\FreeRTOSv10.3.1\FreeRTOS\portable\MemMang\heap_1.c</File>
        </Files>
      </Folder>
      <Folder BuildType="STRICT" Path="C:\Users\Admin\Desktop\EE4450 Embedded Architecture\HW\HW\HW1_FreeRTOS_Project.cydsn\Generated_Source\PSoC5">
        <Files Root="C:\Users\Admin\Desktop\EE4450 Embedded Architecture\HW\HW\HW1_FreeRTOS_Project.cydsn">
          <File BuildType="BUILD" Toolchain="">Generated_Source\PSoC5\cyfitter_cfg.h</File>
          <File BuildType="BUILD" Toolchain="">Generated_Source\PSoC5\cyfitter_cfg.c</File>
          <File BuildType="BUILD" Toolchain="">Generated_Source\PSoC5\cymetadata.c</File>
          <File BuildType="BUILD" Toolchain="">Generated_Source\PSoC5\cydevice.h</File>
          <File BuildType="BUILD" Toolchain="">Generated_Source\PSoC5\cydevicegnu.inc</File>
          <File BuildType="BUILD" Toolchain="">Generated_Source\PSoC5\cydevicerv.inc</File>
          <File BuildType="BUILD" Toolchain="">Generated_Source\PSoC5\cydeviceiar.inc</File>
          <File BuildType="BUILD" Toolchain="">Generated_Source\PSoC5\cydevice_trm.h</File>
          <File BuildType="BUILD" Toolchain="">Generated_Source\PSoC5\cydevicegnu_trm.inc</File>
          <File BuildType="BUILD" Toolchain="">Generated_Source\PSoC5\cydevicerv_trm.inc</File>
          <File BuildType="BUILD" Toolchain="">Generated_Source\PSoC5\cydeviceiar_trm.inc</File>
          <File BuildType="BUILD" Toolchain="">Generated_Source\PSoC5\cyfittergnu.inc</File>
          <File BuildType="BUILD" Toolchain="">Generated_Source\PSoC5\cyfitterrv.inc</File>
          <File BuildType="BUILD" Toolchain="">Generated_Source\PSoC5\cyfitteriar.inc</File>
          <File BuildType="BUILD" Toolchain="">Generated_Source\PSoC5\cyfitter.h</File>
          <File BuildType="BUILD" Toolchain="">Generated_Source\PSoC5\cydisabledsheets.h</File>
          <File BuildType="BUILD" Toolchain="">Generated_Source\PSoC5\I2C.c</File>
          <File BuildType="BUILD" Toolchain="">Generated_Source\PSoC5\I2C.h</File>
          <File BuildType="BUILD" Toolchain="">Generated_Source\PSoC5\I2C_BOOT.c</File>
          <File BuildType="BUILD" Toolchain="">Generated_Source\PSoC5\I2C_INT.c</File>
          <File BuildType="BUILD" Toolchain="">Generated_Source\PSoC5\I2C_PM.c</File>
          <File BuildType="BUILD" Toolchain="">Generated_Source\PSoC5\I2C_SLAVE.c</File>
          <File BuildType="BUILD" Toolchain="">Generated_Source\PSoC5\I2C_MASTER.c</File>
          <File BuildType="BUILD" Toolchain="">Generated_Source\PSoC5\I2C_PVT.h</File>
          <File BuildType="BUILD" Toolchain="">Generated_Source\PSoC5\ADC.c</File>
          <File BuildType="BUILD" Toolchain="">Generated_Source\PSoC5\ADC.h</File>
          <File BuildType="BUILD" Toolchain="">Generated_Source\PSoC5\ADC_INT.c</File>
          <File BuildType="BUILD" Toolchain="">Generated_Source\PSoC5\ADC_PM.c</File>
          <File BuildType="BUILD" Toolchain="">Generated_Source\PSoC5\ADC_IRQ.c</File>
          <File BuildType="BUILD" Toolchain="">Generated_Source\PSoC5\ADC_IRQ.h</File>
          <File BuildType="BUILD" Toolchain="">Generated_Source\PSoC5\ADC_theACLK.c</File>
          <File BuildType="BUILD" Toolchain="">Generated_Source\PSoC5\ADC_theACLK.h</File>
          <File BuildType="BUILD" Toolchain="">Generated_Source\PSoC5\cy_em_eeprom.c</File>
          <File BuildType="BUILD" Toolchain="">Generated_Source\PSoC5\cy_em_eeprom.h</File>
          <File BuildType="BUILD" Toolchain="ARM GCC Generic">Generated_Source\PSoC5\cm3gcc.ld</File>
          <File BuildType="BUILD" Toolchain="ARM MDK Generic">Generated_Source\PSoC5\Cm3RealView.scat</File>
          <File BuildType="BUILD" Toolchain="">Generated_Source\PSoC5\Cm3Start.c</File>
          <File BuildType="BUILD" Toolchain="">Generated_Source\PSoC5\core_cm3.h</File>
          <File BuildType="BUILD" Toolchain="">Generated_Source\PSoC5\core_cm3_psoc5.h</File>
          <File BuildType="BUILD" Toolchain="ARM GCC Generic">Generated_Source\PSoC5\CyBootAsmGnu.s</File>
          <File BuildType="BUILD" Toolchain="ARM MDK Generic">Generated_Source\PSoC5\CyBootAsmRv.s</File>
          <File BuildType="BUILD" Toolchain="">Generated_Source\PSoC5\CyDmac.c</File>
          <File BuildType="BUILD" Toolchain="">Generated_Source\PSoC5\CyDmac.h</File>
          <File BuildType="BUILD" Toolchain="">Generated_Source\PSoC5\CyFlash.c</File>
          <File BuildType="BUILD" Toolchain="">Generated_Source\PSoC5\CyFlash.h</File>
          <File BuildType="BUILD" Toolchain="">Generated_Source\PSoC5\CyLib.c</File>
          <File BuildType="BUILD" Toolchain="">Generated_Source\PSoC5\CyLib.h</File>
          <File BuildType="BUILD" Toolchain="">Generated_Source\PSoC5\cypins.h</File>
          <File BuildType="BUILD" Toolchain="">Generated_Source\PSoC5\cyPm.c</File>
          <File BuildType="BUILD" Toolchain="">Generated_Source\PSoC5\cyPm.h</File>
          <File BuildType="BUILD" Toolchain="">Generated_Source\PSoC5\CySpc.c</File>
          <File BuildType="BUILD" Toolchain="">Generated_Source\PSoC5\CySpc.h</File>
          <File BuildType="BUILD" Toolchain="">Generated_Source\PSoC5\cytypes.h</File>
          <File BuildType="BUILD" Toolchain="">Generated_Source\PSoC5\cyutils.c</File>
          <File BuildType="BUILD" Toolchain="">Generated_Source\PSoC5\core_cmFunc.h</File>
          <File BuildType="BUILD" Toolchain="">Generated_Source\PSoC5\core_cmInstr.h</File>
          <File BuildType="BUILD" Toolchain="ARM IAR Generic">Generated_Source\PSoC5\Cm3Iar.icf</File>
          <File BuildType="BUILD" Toolchain="ARM IAR Generic">Generated_Source\PSoC5\CyBootAsmIar.s</File>
          <File BuildType="BUILD" Toolchain="">Generated_Source\PSoC5\cmsis_armcc.h</File>
          <File BuildType="BUILD" Toolchain="">Generated_Source\PSoC5\cmsis_gcc.h</File>
          <File BuildType="BUILD" Toolchain="">Generated_Source\PSoC5\cmsis_compiler.h</File>
          <File BuildType="BUILD" Toolchain="">Generated_Source\PSoC5\project.h</File>
          <File BuildType="BUILD" Toolchain="">Generated_Source\PSoC5\cycodeshareimport.ld</File>
          <File BuildType="BUILD" Toolchain="">Generated_Source\PSoC5\cycodeshareexport.ld</File>
          <File BuildType="BUILD" Toolchain="">Generated_Source\PSoC5\cycodeshareimport.scat</File>
          <File BuildType="BUILD" Toolchain="">Generated_Source\PSoC5\LCD.c</File>
          <File BuildType="BUILD" Toolchain="">Generated_Source\PSoC5\LCD.h</File>
          <File BuildType="BUILD" Toolchain="">Generated_Source\PSoC5\LCD_PM.c</File>
          <File BuildType="BUILD" Toolchain="">Generated_Source\PSoC5\LCD_LCDPort_aliases.h</File>
          <File BuildType="BUILD" Toolchain="">Generated_Source\PSoC5\LCD_LCDPort.c</File>
          <File BuildType="BUILD" Toolchain="">Generated_Source\PSoC5\LCD_LCDPort.h</File>
          <File BuildType="BUILD" Toolchain="">Generated_Source\PSoC5\I2C_IntClock.c</File>
          <File BuildType="BUILD" Toolchain="">Generated_Source\PSoC5\I2C_IntClock.h</File>
          <File BuildType="BUILD" Toolchain="">Generated_Source\PSoC5\V_Res_aliases.h</File>
          <File BuildType="BUILD" Toolchain="">Generated_Source\PSoC5\V_Res.c</File>
          <File BuildType="BUILD" Toolchain="">Generated_Source\PSoC5\V_Res.h</File>
          <File BuildType="BUILD" Toolchain="">Generated_Source\PSoC5\nSW2_aliases.h</File>
          <File BuildType="BUILD" Toolchain="">Generated_Source\PSoC5\nSW2.c</File>
          <File BuildType="BUILD" Toolchain="">Generated_Source\PSoC5\nSW2.h</File>
          <File BuildType="BUILD" Toolchain="">Generated_Source\PSoC5\nSW1_aliases.h</File>
          <File BuildType="BUILD" Toolchain="">Generated_Source\PSoC5\nSW1.c</File>
          <File BuildType="BUILD" Toolchain="">Generated_Source\PSoC5\nSW1.h</File>
          <File BuildType="BUILD" Toolchain="">Generated_Source\PSoC5\SCL_aliases.h</File>
          <File BuildType="BUILD" Toolchain="">Generated_Source\PSoC5\SCL.c</File>
          <File BuildType="BUILD" Toolchain="">Generated_Source\PSoC5\SCL.h</File>
          <File BuildType="BUILD" Toolchain="">Generated_Source\PSoC5\SDA_aliases.h</File>
          <File BuildType="BUILD" Toolchain="">Generated_Source\PSoC5\SDA.c</File>
          <File BuildType="BUILD" Toolchain="">Generated_Source\PSoC5\SDA.h</File>
        </Files>
      </Folder>
      <Folder BuildType="STRICT" Path="C:\Users\Admin\Desktop\EE4450 Embedded Architecture\HW\HW\HW1_FreeRTOS_Project.cydsn\Export\ARM_GCC_Generic">
        <Files Root="C:\Users\Admin\Desktop\EE4450 Embedded Architecture\HW\HW\HW1_FreeRTOS_Project.cydsn">
          <File BuildType="BUILD" Toolchain="ARM GCC Generic">.\Export\ARM_GCC_Generic\CyComponentLibrary.a</File>
        </Files>
      </Folder>
      <Folder BuildType="STRICT" Path="C:\Users\Admin\Desktop\EE4450 Embedded Architecture\HW\HW\HW1_FreeRTOS_Project.cydsn\Export\ARM_MDK_Generic">
        <Files Root="C:\Users\Admin\Desktop\EE4450 Embedded Architecture\HW\HW\HW1_FreeRTOS_Project.cydsn">
          <File BuildType="BUILD" Toolchain="ARM MDK Generic">.\Export\ARM_MDK_Generic\CyComponentLibrary.a</File>
        </Files>
      </Folder>
      <Folder BuildType="STRICT" Path="C:\Users\Admin\Desktop\EE4450 Embedded Architecture\HW\HW\HW1_FreeRTOS_Project.cydsn\Export\ARM_IAR_Generic">
        <Files Root="C:\Users\Admin\Desktop\EE4450 Embedded Architecture\HW\HW\HW1_FreeRTOS_Project.cydsn">
          <File BuildType="BUILD" Toolchain="ARM IAR Generic">.\Export\ARM_IAR_Generic\CyComponentLibrary.a</File>
        </Files>
      </Folder>
      <Folder BuildType="EXCLUDE" Path=".\codegentemp">
        <Files Root="C:\Users\Admin\Desktop\EE4450 Embedded Architecture\HW\HW\HW1_FreeRTOS_Project.cydsn" />
      </Folder>
      <Folder BuildType="EXCLUDE" Path=".\ARM_GCC_441">
        <Files Root="C:\Users\Admin\Desktop\EE4450 Embedded Architecture\HW\HW\HW1_FreeRTOS_Project.cydsn" />
      </Folder>
      <Folder BuildType="EXCLUDE" Path=".\ARM_GCC_473">
        <Files Root="C:\Users\Admin\Desktop\EE4450 Embedded Architecture\HW\HW\HW1_FreeRTOS_Project.cydsn" />
      </Folder>
      <Folder BuildType="EXCLUDE" Path=".\DP8051_Keil_952">
        <Files Root="C:\Users\Admin\Desktop\EE4450 Embedded Architecture\HW\HW\HW1_FreeRTOS_Project.cydsn" />
      </Folder>
      <Folder BuildType="EXCLUDE" Path=".\DP8051">
        <Files Root="C:\Users\Admin\Desktop\EE4450 Embedded Architecture\HW\HW\HW1_FreeRTOS_Project.cydsn" />
      </Folder>
      <Folder BuildType="EXCLUDE" Path=".\CortexM0">
        <Files Root="C:\Users\Admin\Desktop\EE4450 Embedded Architecture\HW\HW\HW1_FreeRTOS_Project.cydsn" />
      </Folder>
      <Folder BuildType="EXCLUDE" Path=".\CortexM0p">
        <Files Root="C:\Users\Admin\Desktop\EE4450 Embedded Architecture\HW\HW\HW1_FreeRTOS_Project.cydsn" />
      </Folder>
      <Folder BuildType="EXCLUDE" Path=".\CortexM3">
        <Files Root="C:\Users\Admin\Desktop\EE4450 Embedded Architecture\HW\HW\HW1_FreeRTOS_Project.cydsn" />
      </Folder>
      <Folder BuildType="EXCLUDE" Path=".\CortexM4">
        <Files Root="C:\Users\Admin\Desktop\EE4450 Embedded Architecture\HW\HW\HW1_FreeRTOS_Project.cydsn" />
      </Folder>
      <Folder BuildType="EXCLUDE" Path=".\CortexM7">
        <Files Root="C:\Users\Admin\Desktop\EE4450 Embedded Architecture\HW\HW\HW1_FreeRTOS_Project.cydsn" />
      </Folder>
    </Folders>
  </Project>
</PSoCCreatorIdeExport>